Handle,Title,Option1 Name,Option1 Value,Option2 Name,Option2 Value,Option3 Name,Option3 Value,SKU,HS Code,COO,Location,Bin name,Incoming (not editable),Unavailable (not editable),Committed (not editable),Available (not editable),On hand (current),On hand (new)
oysters-mornay,oysters mornay Per Half Dozen,Title,Default Title,,,,,"",,AU,EVERYDAY PICK UP AT SHOP LOCATION,,0,0,0,46,46,
oysters-mornay,oysters mornay Per Half Dozen,Title,Default Title,,,,,"",,AU,CHRISTMAS ORDERS PICK UP 24TH MOLENDINAR 10AM - 2PM,,not stocked,not stocked,not stocked,not stocked,not stocked,
oysters-mornay,oysters mornay Per Half Dozen,Title,Default Title,,,,,"",,AU,Tasman Star Labrador,,not stocked,not stocked,not stocked,not stocked,not stocked,
pipis,Pipis Fresh Local 1kg Pack,Title,Default Title,,,,,"",,,EVERYDAY PICK UP AT SHOP LOCATION,,0,0,0,19,19,
pipis,Pipis Fresh Local 1kg Pack,Title,Default Title,,,,,"",,,CHRISTMAS ORDERS PICK UP 24TH MOLENDINAR 10AM - 2PM,,not stocked,not stocked,not stocked,not stocked,not stocked,
pipis,Pipis Fresh Local 1kg Pack,Title,Default Title,,,,,"",,,Tasman Star Labrador,,not stocked,not stocked,not stocked,not stocked,not stocked,
pacific-oysters,Oysters Pacific Fresh Per Dozen,Title,Default Title,,,,,"",,,EVERYDAY PICK UP AT SHOP LOCATION,,0,0,1,34,35,
pacific-oysters,Oysters Pacific Fresh Per Dozen,Title,Default Title,,,,,"",,,CHRISTMAS ORDERS PICK UP 24TH MOLENDINAR 10AM - 2PM,,0,0,0,0,0,
pacific-oysters,Oysters Pacific Fresh Per Dozen,Title,Default Title,,,,,"",,,Tasman Star Labrador,,not stocked,not stocked,not stocked,not stocked,not stocked,
garlic-prawn-cuttlets,Prawn Cutlets Garlic 1kg Pack.,Title,Default Title,,,,,"",,,EVERYDAY PICK UP AT SHOP LOCATION,,0,0,0,20,20,
garlic-prawn-cuttlets,Prawn Cutlets Garlic 1kg Pack.,Title,Default Title,,,,,"",,,CHRISTMAS ORDERS PICK UP 24TH MOLENDINAR 10AM - 2PM,,not stocked,not stocked,not stocked,not stocked,not stocked,
garlic-prawn-cuttlets,Prawn Cutlets Garlic 1kg Pack.,Title,Default Title,,,,,"",,,Tasman Star Labrador,,not stocked,not stocked,not stocked,not stocked,not stocked,
fresh-tassie-salmon,Salmon Tassie Fresh 1kg Pack.,Title,Default Title,,,,,"",,,EVERYDAY PICK UP AT SHOP LOCATION,,0,0,3,30,33,
fresh-tassie-salmon,Salmon Tassie Fresh 1kg Pack.,Title,Default Title,,,,,"",,,CHRISTMAS ORDERS PICK UP 24TH MOLENDINAR 10AM - 2PM,,not stocked,not stocked,not stocked,not stocked,not stocked,
fresh-tassie-salmon,Salmon Tassie Fresh 1kg Pack.,Title,Default Title,,,,,"",,,Tasman Star Labrador,,not stocked,not stocked,not stocked,not stocked,not stocked,
panko-rocket-prawns,Panko Rocket Prawns 1kg pack,Title,Default Title,,,,,"",,,EVERYDAY PICK UP AT SHOP LOCATION,,0,0,0,0,0,
panko-rocket-prawns,Panko Rocket Prawns 1kg pack,Title,Default Title,,,,,"",,,CHRISTMAS ORDERS PICK UP 24TH MOLENDINAR 10AM - 2PM,,not stocked,not stocked,not stocked,not stocked,not stocked,
panko-rocket-prawns,Panko Rocket Prawns 1kg pack,Title,Default Title,,,,,"",,,Tasman Star Labrador,,not stocked,not stocked,not stocked,not stocked,not stocked,
octopus-cleaned-tumbled-local-1kg,Octopus cleaned & tumbled local 1kg Pack,Title,Default Title,,,,,"",,,EVERYDAY PICK UP AT SHOP LOCATION,,0,0,0,12,12,
octopus-cleaned-tumbled-local-1kg,Octopus cleaned & tumbled local 1kg Pack,Title,Default Title,,,,,"",,,CHRISTMAS ORDERS PICK UP 24TH MOLENDINAR 10AM - 2PM,,not stocked,not stocked,not stocked,not stocked,not stocked,
octopus-cleaned-tumbled-local-1kg,Octopus cleaned & tumbled local 1kg Pack,Title,Default Title,,,,,"",,,Tasman Star Labrador,,not stocked,not stocked,not stocked,not stocked,not stocked,
large-octopus-1kg,Octopus Large 1kg Pack,Title,Default Title,,,,,"",,,EVERYDAY PICK UP AT SHOP LOCATION,,0,0,0,9,9,
large-octopus-1kg,Octopus Large 1kg Pack,Title,Default Title,,,,,"",,,CHRISTMAS ORDERS PICK UP 24TH MOLENDINAR 10AM - 2PM,,not stocked,not stocked,not stocked,not stocked,not stocked,
large-octopus-1kg,Octopus Large 1kg Pack,Title,Default Title,,,,,"",,,Tasman Star Labrador,,not stocked,not stocked,not stocked,not stocked,not stocked,
king-prawns-jumbo-raw-1kg,Prawns King Jumbo Raw 1kg Pack.,Title,Default Title,,,,,"",,,EVERYDAY PICK UP AT SHOP LOCATION,,0,0,0,17,17,
king-prawns-jumbo-raw-1kg,Prawns King Jumbo Raw 1kg Pack.,Title,Default Title,,,,,"",,,CHRISTMAS ORDERS PICK UP 24TH MOLENDINAR 10AM - 2PM,,not stocked,not stocked,not stocked,not stocked,not stocked,
king-prawns-jumbo-raw-1kg,Prawns King Jumbo Raw 1kg Pack.,Title,Default Title,,,,,"",,,Tasman Star Labrador,,not stocked,not stocked,not stocked,not stocked,not stocked,
king-prawns-small-cooked-1kg,Prawns King Small Cooked 1kg Pack.,Title,Default Title,,,,,"",,,EVERYDAY PICK UP AT SHOP LOCATION,,0,0,0,0,0,
king-prawns-small-cooked-1kg,Prawns King Small Cooked 1kg Pack.,Title,Default Title,,,,,"",,,CHRISTMAS ORDERS PICK UP 24TH MOLENDINAR 10AM - 2PM,,not stocked,not stocked,not stocked,not stocked,not stocked,
king-prawns-small-cooked-1kg,Prawns King Small Cooked 1kg Pack.,Title,Default Title,,,,,"",,,Tasman Star Labrador,,not stocked,not stocked,not stocked,not stocked,not stocked,
tiger-prawns-raw-medium-1kg,Prawns Tiger Raw Medium 1kg Pack.,Title,Default Title,,,,,"",,,EVERYDAY PICK UP AT SHOP LOCATION,,0,0,0,0,0,
tiger-prawns-raw-medium-1kg,Prawns Tiger Raw Medium 1kg Pack.,Title,Default Title,,,,,"",,,CHRISTMAS ORDERS PICK UP 24TH MOLENDINAR 10AM - 2PM,,not stocked,not stocked,not stocked,not stocked,not stocked,
tiger-prawns-raw-medium-1kg,Prawns Tiger Raw Medium 1kg Pack.,Title,Default Title,,,,,"",,,Tasman Star Labrador,,not stocked,not stocked,not stocked,not stocked,not stocked,
king-prawns-large-cooked-1kg,Prawns King Large Cooked 1kg Pack.,Title,Default Title,,,,,"",,,EVERYDAY PICK UP AT SHOP LOCATION,,0,0,0,51,51,
king-prawns-large-cooked-1kg,Prawns King Large Cooked 1kg Pack.,Title,Default Title,,,,,"",,,CHRISTMAS ORDERS PICK UP 24TH MOLENDINAR 10AM - 2PM,,0,0,0,0,0,
king-prawns-large-cooked-1kg,Prawns King Large Cooked 1kg Pack.,Title,Default Title,,,,,"",,,Tasman Star Labrador,,not stocked,not stocked,not stocked,not stocked,not stocked,
king-prawns-headless-raw-1kg,Prawns King Headless Raw 1kg Pack.,Title,Default Title,,,,,"",,,EVERYDAY PICK UP AT SHOP LOCATION,,0,0,0,4,4,
king-prawns-headless-raw-1kg,Prawns King Headless Raw 1kg Pack.,Title,Default Title,,,,,"",,,CHRISTMAS ORDERS PICK UP 24TH MOLENDINAR 10AM - 2PM,,not stocked,not stocked,not stocked,not stocked,not stocked,
king-prawns-headless-raw-1kg,Prawns King Headless Raw 1kg Pack.,Title,Default Title,,,,,"",,,Tasman Star Labrador,,not stocked,not stocked,not stocked,not stocked,not stocked,
oysters-pacific-jumbo-1-2-dozen,Oysters Pacific Jumbo per 1/2 Dozen,Title,Default Title,,,,,"",,,EVERYDAY PICK UP AT SHOP LOCATION,,0,0,0,2,2,
oysters-pacific-jumbo-1-2-dozen,Oysters Pacific Jumbo per 1/2 Dozen,Title,Default Title,,,,,"",,,CHRISTMAS ORDERS PICK UP 24TH MOLENDINAR 10AM - 2PM,,not stocked,not stocked,not stocked,not stocked,not stocked,
oysters-pacific-jumbo-1-2-dozen,Oysters Pacific Jumbo per 1/2 Dozen,Title,Default Title,,,,,"",,,Tasman Star Labrador,,not stocked,not stocked,not stocked,not stocked,not stocked,
oysters-sydney-rock,Oysters Sydney Rock per dozen,Title,Default Title,,,,,"",,,EVERYDAY PICK UP AT SHOP LOCATION,,0,0,0,30,30,
oysters-sydney-rock,Oysters Sydney Rock per dozen,Title,Default Title,,,,,"",,,CHRISTMAS ORDERS PICK UP 24TH MOLENDINAR 10AM - 2PM,,not stocked,not stocked,not stocked,not stocked,not stocked,
oysters-sydney-rock,Oysters Sydney Rock per dozen,Title,Default Title,,,,,"",,,Tasman Star Labrador,,not stocked,not stocked,not stocked,not stocked,not stocked,
octopus-bbq-cooked-1hg,Octopus BBQ Cooked 1kg Pack,Title,Default Title,,,,,"",,,EVERYDAY PICK UP AT SHOP LOCATION,,0,0,0,6,6,
octopus-bbq-cooked-1hg,Octopus BBQ Cooked 1kg Pack,Title,Default Title,,,,,"",,,CHRISTMAS ORDERS PICK UP 24TH MOLENDINAR 10AM - 2PM,,not stocked,not stocked,not stocked,not stocked,not stocked,
octopus-bbq-cooked-1hg,Octopus BBQ Cooked 1kg Pack,Title,Default Title,,,,,"",,,Tasman Star Labrador,,not stocked,not stocked,not stocked,not stocked,not stocked,
octopus-baby-1kg-pack,Octopus Baby 1kg pack,Title,Default Title,,,,,"",,,EVERYDAY PICK UP AT SHOP LOCATION,,0,0,0,0,0,
octopus-baby-1kg-pack,Octopus Baby 1kg pack,Title,Default Title,,,,,"",,,CHRISTMAS ORDERS PICK UP 24TH MOLENDINAR 10AM - 2PM,,not stocked,not stocked,not stocked,not stocked,not stocked,
octopus-baby-1kg-pack,Octopus Baby 1kg pack,Title,Default Title,,,,,"",,,Tasman Star Labrador,,not stocked,not stocked,not stocked,not stocked,not stocked,
sand-crabs-cooked-1kg,Sand Crabs Cooked each,Title,Default Title,,,,,"",,,EVERYDAY PICK UP AT SHOP LOCATION,,0,0,0,38,38,
sand-crabs-cooked-1kg,Sand Crabs Cooked each,Title,Default Title,,,,,"",,,CHRISTMAS ORDERS PICK UP 24TH MOLENDINAR 10AM - 2PM,,not stocked,not stocked,not stocked,not stocked,not stocked,
sand-crabs-cooked-1kg,Sand Crabs Cooked each,Title,Default Title,,,,,"",,,Tasman Star Labrador,,not stocked,not stocked,not stocked,not stocked,not stocked,
sand-crabs-raw-1kg,Sand Crabs Raw each,Title,Default Title,,,,,"",,,EVERYDAY PICK UP AT SHOP LOCATION,,0,0,0,35,35,
sand-crabs-raw-1kg,Sand Crabs Raw each,Title,Default Title,,,,,"",,,CHRISTMAS ORDERS PICK UP 24TH MOLENDINAR 10AM - 2PM,,not stocked,not stocked,not stocked,not stocked,not stocked,
sand-crabs-raw-1kg,Sand Crabs Raw each,Title,Default Title,,,,,"",,,Tasman Star Labrador,,not stocked,not stocked,not stocked,not stocked,not stocked,
scallops-1kg-bag,Scallops 1kg bag,Title,Default Title,,,,,"",,,EVERYDAY PICK UP AT SHOP LOCATION,,0,0,0,10,10,
scallops-1kg-bag,Scallops 1kg bag,Title,Default Title,,,,,"",,,CHRISTMAS ORDERS PICK UP 24TH MOLENDINAR 10AM - 2PM,,not stocked,not stocked,not stocked,not stocked,not stocked,
scallops-1kg-bag,Scallops 1kg bag,Title,Default Title,,,,,"",,,Tasman Star Labrador,,not stocked,not stocked,not stocked,not stocked,not stocked,
prawn-bisque-mures-each,Prawn Bisque Mures each,Title,Default Title,,,,,"",,,EVERYDAY PICK UP AT SHOP LOCATION,,0,0,0,14,14,
prawn-bisque-mures-each,Prawn Bisque Mures each,Title,Default Title,,,,,"",,,CHRISTMAS ORDERS PICK UP 24TH MOLENDINAR 10AM - 2PM,,not stocked,not stocked,not stocked,not stocked,not stocked,
prawn-bisque-mures-each,Prawn Bisque Mures each,Title,Default Title,,,,,"",,,Tasman Star Labrador,,not stocked,not stocked,not stocked,not stocked,not stocked,
mussels-pot-chilli-each,Mussels Pot Chilli each.,Title,Default Title,,,,,"",,,EVERYDAY PICK UP AT SHOP LOCATION,,0,0,0,15,15,
mussels-pot-chilli-each,Mussels Pot Chilli each.,Title,Default Title,,,,,"",,,CHRISTMAS ORDERS PICK UP 24TH MOLENDINAR 10AM - 2PM,,not stocked,not stocked,not stocked,not stocked,not stocked,
mussels-pot-chilli-each,Mussels Pot Chilli each.,Title,Default Title,,,,,"",,,Tasman Star Labrador,,not stocked,not stocked,not stocked,not stocked,not stocked,
mussels-pot-garlic,Mussels Pot Garlic each.,Title,Default Title,,,,,"",,,EVERYDAY PICK UP AT SHOP LOCATION,,0,0,0,14,14,
mussels-pot-garlic,Mussels Pot Garlic each.,Title,Default Title,,,,,"",,,CHRISTMAS ORDERS PICK UP 24TH MOLENDINAR 10AM - 2PM,,not stocked,not stocked,not stocked,not stocked,not stocked,
mussels-pot-garlic,Mussels Pot Garlic each.,Title,Default Title,,,,,"",,,Tasman Star Labrador,,not stocked,not stocked,not stocked,not stocked,not stocked,
prawns-king-cooked-fresh-medium-1kg,Prawns King Cooked Fresh Medium 1kg Pack.,Title,Default Title,,,,,"",,,EVERYDAY PICK UP AT SHOP LOCATION,,0,0,0,4,4,
prawns-king-cooked-fresh-medium-1kg,Prawns King Cooked Fresh Medium 1kg Pack.,Title,Default Title,,,,,"",,,CHRISTMAS ORDERS PICK UP 24TH MOLENDINAR 10AM - 2PM,,not stocked,not stocked,not stocked,not stocked,not stocked,
prawns-king-cooked-fresh-medium-1kg,Prawns King Cooked Fresh Medium 1kg Pack.,Title,Default Title,,,,,"",,,Tasman Star Labrador,,not stocked,not stocked,not stocked,not stocked,not stocked,
oyster-kilpatrick-1-2-dozen,Oyster Kilpatrick 1/2 dozen,Title,Default Title,,,,,"",,,EVERYDAY PICK UP AT SHOP LOCATION,,0,0,0,20,20,
oyster-kilpatrick-1-2-dozen,Oyster Kilpatrick 1/2 dozen,Title,Default Title,,,,,"",,,CHRISTMAS ORDERS PICK UP 24TH MOLENDINAR 10AM - 2PM,,not stocked,not stocked,not stocked,not stocked,not stocked,
oyster-kilpatrick-1-2-dozen,Oyster Kilpatrick 1/2 dozen,Title,Default Title,,,,,"",,,Tasman Star Labrador,,not stocked,not stocked,not stocked,not stocked,not stocked,
prawns-banana-raw-1kg,Prawns Banana Raw 1kg Pack.,Title,Default Title,,,,,"",,,EVERYDAY PICK UP AT SHOP LOCATION,,0,0,0,0,0,
prawns-banana-raw-1kg,Prawns Banana Raw 1kg Pack.,Title,Default Title,,,,,"",,,CHRISTMAS ORDERS PICK UP 24TH MOLENDINAR 10AM - 2PM,,not stocked,not stocked,not stocked,not stocked,not stocked,
prawns-banana-raw-1kg,Prawns Banana Raw 1kg Pack.,Title,Default Title,,,,,"",,,Tasman Star Labrador,,not stocked,not stocked,not stocked,not stocked,not stocked,
oysters-unshucked,oysters unshucked per dozen,Title,Default Title,,,,,"",,,EVERYDAY PICK UP AT SHOP LOCATION,,0,0,0,15,15,
oysters-unshucked,oysters unshucked per dozen,Title,Default Title,,,,,"",,,CHRISTMAS ORDERS PICK UP 24TH MOLENDINAR 10AM - 2PM,,not stocked,not stocked,not stocked,not stocked,not stocked,
oysters-unshucked,oysters unshucked per dozen,Title,Default Title,,,,,"",,,Tasman Star Labrador,,not stocked,not stocked,not stocked,not stocked,not stocked,
prawn-cutlets-raw-local-300gm-pack,prawn Cutlets raw local 1kg pack,Title,Default Title,,,,,"",,,EVERYDAY PICK UP AT SHOP LOCATION,,0,0,0,19,19,
prawn-cutlets-raw-local-300gm-pack,prawn Cutlets raw local 1kg pack,Title,Default Title,,,,,"",,,CHRISTMAS ORDERS PICK UP 24TH MOLENDINAR 10AM - 2PM,,not stocked,not stocked,not stocked,not stocked,not stocked,
prawn-cutlets-raw-local-300gm-pack,prawn Cutlets raw local 1kg pack,Title,Default Title,,,,,"",,,Tasman Star Labrador,,not stocked,not stocked,not stocked,not stocked,not stocked,
ocean-trout-gravalax,Salmon Gravalax each.,Title,Default Title,,,,,"",,,EVERYDAY PICK UP AT SHOP LOCATION,,0,0,0,10,10,
ocean-trout-gravalax,Salmon Gravalax each.,Title,Default Title,,,,,"",,,CHRISTMAS ORDERS PICK UP 24TH MOLENDINAR 10AM - 2PM,,not stocked,not stocked,not stocked,not stocked,not stocked,
ocean-trout-gravalax,Salmon Gravalax each.,Title,Default Title,,,,,"",,,Tasman Star Labrador,,not stocked,not stocked,not stocked,not stocked,not stocked,
norwegian-smoked-salmon-1kg-pack,Norwegian Smoked Salmon 1kg pack,Title,Default Title,,,,,"",,,EVERYDAY PICK UP AT SHOP LOCATION,,0,0,0,11,11,
norwegian-smoked-salmon-1kg-pack,Norwegian Smoked Salmon 1kg pack,Title,Default Title,,,,,"",,,CHRISTMAS ORDERS PICK UP 24TH MOLENDINAR 10AM - 2PM,,not stocked,not stocked,not stocked,not stocked,not stocked,
norwegian-smoked-salmon-1kg-pack,Norwegian Smoked Salmon 1kg pack,Title,Default Title,,,,,"",,,Tasman Star Labrador,,not stocked,not stocked,not stocked,not stocked,not stocked,
prawns-king-raw-u10-5kg-carton,Prawns King Raw U6 5kg carton.,Title,Default Title,,,,,"",,,EVERYDAY PICK UP AT SHOP LOCATION,,0,0,0,5,5,
prawns-king-raw-u10-5kg-carton,Prawns King Raw U6 5kg carton.,Title,Default Title,,,,,"",,,CHRISTMAS ORDERS PICK UP 24TH MOLENDINAR 10AM - 2PM,,not stocked,not stocked,not stocked,not stocked,not stocked,
prawns-king-raw-u10-5kg-carton,Prawns King Raw U6 5kg carton.,Title,Default Title,,,,,"",,,Tasman Star Labrador,,not stocked,not stocked,not stocked,not stocked,not stocked,
prawns-king-raw-u6-5kg-carton,Prawns King Raw U10 5kg carton.,Title,Default Title,,,,,"",,,EVERYDAY PICK UP AT SHOP LOCATION,,0,0,0,5,5,
prawns-king-raw-u6-5kg-carton,Prawns King Raw U10 5kg carton.,Title,Default Title,,,,,"",,,CHRISTMAS ORDERS PICK UP 24TH MOLENDINAR 10AM - 2PM,,not stocked,not stocked,not stocked,not stocked,not stocked,
prawns-king-raw-u6-5kg-carton,Prawns King Raw U10 5kg carton.,Title,Default Title,,,,,"",,,Tasman Star Labrador,,not stocked,not stocked,not stocked,not stocked,not stocked,
oyster-vinaigrette,Oyster vinaigrette each,Title,Default Title,,,,,"",,,EVERYDAY PICK UP AT SHOP LOCATION,,0,0,0,47,47,
oyster-vinaigrette,Oyster vinaigrette each,Title,Default Title,,,,,"",,,CHRISTMAS ORDERS PICK UP 24TH MOLENDINAR 10AM - 2PM,,not stocked,not stocked,not stocked,not stocked,not stocked,
oyster-vinaigrette,Oyster vinaigrette each,Title,Default Title,,,,,"",,,Tasman Star Labrador,,not stocked,not stocked,not stocked,not stocked,not stocked,
pickled-ginger-white-each,Pickled Ginger White each,Title,Default Title,,,,,"",,,EVERYDAY PICK UP AT SHOP LOCATION,,0,0,0,47,47,
pickled-ginger-white-each,Pickled Ginger White each,Title,Default Title,,,,,"",,,CHRISTMAS ORDERS PICK UP 24TH MOLENDINAR 10AM - 2PM,,not stocked,not stocked,not stocked,not stocked,not stocked,
pickled-ginger-white-each,Pickled Ginger White each,Title,Default Title,,,,,"",,,Tasman Star Labrador,,not stocked,not stocked,not stocked,not stocked,not stocked,
pickled-ginger-pink-each,Pickled Ginger Pink each,Title,Default Title,,,,,"",,,EVERYDAY PICK UP AT SHOP LOCATION,,0,0,0,48,48,
pickled-ginger-pink-each,Pickled Ginger Pink each,Title,Default Title,,,,,"",,,CHRISTMAS ORDERS PICK UP 24TH MOLENDINAR 10AM - 2PM,,not stocked,not stocked,not stocked,not stocked,not stocked,
pickled-ginger-pink-each,Pickled Ginger Pink each,Title,Default Title,,,,,"",,,Tasman Star Labrador,,not stocked,not stocked,not stocked,not stocked,not stocked,
pickled-octopus,Pickled octopus Pots each.,Title,Default Title,,,,,"",,,EVERYDAY PICK UP AT SHOP LOCATION,,0,0,0,0,0,
pickled-octopus,Pickled octopus Pots each.,Title,Default Title,,,,,"",,,CHRISTMAS ORDERS PICK UP 24TH MOLENDINAR 10AM - 2PM,,not stocked,not stocked,not stocked,not stocked,not stocked,
pickled-octopus,Pickled octopus Pots each.,Title,Default Title,,,,,"",,,Tasman Star Labrador,,not stocked,not stocked,not stocked,not stocked,not stocked,
red-emperor-fillets-fresh-1kh,Red Emperor Fillets Fresh 1kg Pack,Title,Default Title,,,,,"",,,EVERYDAY PICK UP AT SHOP LOCATION,,0,0,0,10,10,
red-emperor-fillets-fresh-1kh,Red Emperor Fillets Fresh 1kg Pack,Title,Default Title,,,,,"",,,CHRISTMAS ORDERS PICK UP 24TH MOLENDINAR 10AM - 2PM,,not stocked,not stocked,not stocked,not stocked,not stocked,
red-emperor-fillets-fresh-1kh,Red Emperor Fillets Fresh 1kg Pack,Title,Default Title,,,,,"",,,Tasman Star Labrador,,not stocked,not stocked,not stocked,not stocked,not stocked,
sashimi-scallops-1kg-pack,Sashimi Scallops 1kg pack,Title,Default Title,,,,,"",,,EVERYDAY PICK UP AT SHOP LOCATION,,0,0,0,10,10,
sashimi-scallops-1kg-pack,Sashimi Scallops 1kg pack,Title,Default Title,,,,,"",,,CHRISTMAS ORDERS PICK UP 24TH MOLENDINAR 10AM - 2PM,,not stocked,not stocked,not stocked,not stocked,not stocked,
sashimi-scallops-1kg-pack,Sashimi Scallops 1kg pack,Title,Default Title,,,,,"",,,Tasman Star Labrador,,not stocked,not stocked,not stocked,not stocked,not stocked,
reef-cod-fillets-1kg,Reef Cod Fillets Fresh 1kg Pack,Title,Default Title,,,,,"",,,EVERYDAY PICK UP AT SHOP LOCATION,,0,0,0,10,10,
reef-cod-fillets-1kg,Reef Cod Fillets Fresh 1kg Pack,Title,Default Title,,,,,"",,,CHRISTMAS ORDERS PICK UP 24TH MOLENDINAR 10AM - 2PM,,not stocked,not stocked,not stocked,not stocked,not stocked,
reef-cod-fillets-1kg,Reef Cod Fillets Fresh 1kg Pack,Title,Default Title,,,,,"",,,Tasman Star Labrador,,not stocked,not stocked,not stocked,not stocked,not stocked,
parrot-fish-fillets-1kg,Parrot fish Fillets Fresh 1kg Pack,Title,Default Title,,,,,"",,,EVERYDAY PICK UP AT SHOP LOCATION,,0,0,0,0,0,
parrot-fish-fillets-1kg,Parrot fish Fillets Fresh 1kg Pack,Title,Default Title,,,,,"",,,CHRISTMAS ORDERS PICK UP 24TH MOLENDINAR 10AM - 2PM,,not stocked,not stocked,not stocked,not stocked,not stocked,
parrot-fish-fillets-1kg,Parrot fish Fillets Fresh 1kg Pack,Title,Default Title,,,,,"",,,Tasman Star Labrador,,not stocked,not stocked,not stocked,not stocked,not stocked,
sand-whiting-fillers-1kg,Sand Whiting Fillets 1kg Pack,Title,Default Title,,,,,"",,,EVERYDAY PICK UP AT SHOP LOCATION,,0,0,1,18,19,
sand-whiting-fillers-1kg,Sand Whiting Fillets 1kg Pack,Title,Default Title,,,,,"",,,CHRISTMAS ORDERS PICK UP 24TH MOLENDINAR 10AM - 2PM,,not stocked,not stocked,not stocked,not stocked,not stocked,
sand-whiting-fillers-1kg,Sand Whiting Fillets 1kg Pack,Title,Default Title,,,,,"",,,Tasman Star Labrador,,not stocked,not stocked,not stocked,not stocked,not stocked,
fresh-orange-roughy-fillets,Orange Roughy Fillets Fresh 1kg Pack,Title,Default Title,,,,,"",,,EVERYDAY PICK UP AT SHOP LOCATION,,0,0,0,5,5,
fresh-orange-roughy-fillets,Orange Roughy Fillets Fresh 1kg Pack,Title,Default Title,,,,,"",,,CHRISTMAS ORDERS PICK UP 24TH MOLENDINAR 10AM - 2PM,,not stocked,not stocked,not stocked,not stocked,not stocked,
fresh-orange-roughy-fillets,Orange Roughy Fillets Fresh 1kg Pack,Title,Default Title,,,,,"",,,Tasman Star Labrador,,not stocked,not stocked,not stocked,not stocked,not stocked,
fresh-red-spot-emperor-fillets-1kg,Red Spot Emperor Fillets Fresh 1kg Pack,Title,Default Title,,,,,"",,,EVERYDAY PICK UP AT SHOP LOCATION,,0,0,0,5,5,
fresh-red-spot-emperor-fillets-1kg,Red Spot Emperor Fillets Fresh 1kg Pack,Title,Default Title,,,,,"",,,CHRISTMAS ORDERS PICK UP 24TH MOLENDINAR 10AM - 2PM,,not stocked,not stocked,not stocked,not stocked,not stocked,
fresh-red-spot-emperor-fillets-1kg,Red Spot Emperor Fillets Fresh 1kg Pack,Title,Default Title,,,,,"",,,Tasman Star Labrador,,not stocked,not stocked,not stocked,not stocked,not stocked,
sashimi-octopus,Sashimi Octopus per 500gm pack.,Title,Default Title,,,,,"",,,EVERYDAY PICK UP AT SHOP LOCATION,,0,0,0,3,3,
sashimi-octopus,Sashimi Octopus per 500gm pack.,Title,Default Title,,,,,"",,,CHRISTMAS ORDERS PICK UP 24TH MOLENDINAR 10AM - 2PM,,not stocked,not stocked,not stocked,not stocked,not stocked,
sashimi-octopus,Sashimi Octopus per 500gm pack.,Title,Default Title,,,,,"",,,Tasman Star Labrador,,not stocked,not stocked,not stocked,not stocked,not stocked,
sashimi-scallops-per-6pk,Sashimi Scallops per 6pk,Title,Default Title,,,,,"",,,EVERYDAY PICK UP AT SHOP LOCATION,,0,0,0,48,48,
sashimi-scallops-per-6pk,Sashimi Scallops per 6pk,Title,Default Title,,,,,"",,,CHRISTMAS ORDERS PICK UP 24TH MOLENDINAR 10AM - 2PM,,not stocked,not stocked,not stocked,not stocked,not stocked,
sashimi-scallops-per-6pk,Sashimi Scallops per 6pk,Title,Default Title,,,,,"",,,Tasman Star Labrador,,not stocked,not stocked,not stocked,not stocked,not stocked,
sushi-sashimi-platter,Sashimi Platter.,Title,Default Title,,,,,"",,,EVERYDAY PICK UP AT SHOP LOCATION,,0,0,1,28,29,
sushi-sashimi-platter,Sashimi Platter.,Title,Default Title,,,,,"",,,CHRISTMAS ORDERS PICK UP 24TH MOLENDINAR 10AM - 2PM,,0,0,0,0,0,
sushi-sashimi-platter,Sashimi Platter.,Title,Default Title,,,,,"",,,Tasman Star Labrador,,not stocked,not stocked,not stocked,not stocked,not stocked,
sand-crabs-cooked-4-pack,Sand crabs cooked 4 pack.,Title,Default Title,,,,,"",,,EVERYDAY PICK UP AT SHOP LOCATION,,0,0,0,24,24,
sand-crabs-cooked-4-pack,Sand crabs cooked 4 pack.,Title,Default Title,,,,,"",,,CHRISTMAS ORDERS PICK UP 24TH MOLENDINAR 10AM - 2PM,,0,0,0,50,50,
sand-crabs-cooked-4-pack,Sand crabs cooked 4 pack.,Title,Default Title,,,,,"",,,Tasman Star Labrador,,not stocked,not stocked,not stocked,not stocked,not stocked,
sand-crabs-raw-4-pack,Sand crabs raw 4 pack,Title,Default Title,,,,,"",,,EVERYDAY PICK UP AT SHOP LOCATION,,0,0,0,17,17,
sand-crabs-raw-4-pack,Sand crabs raw 4 pack,Title,Default Title,,,,,"",,,CHRISTMAS ORDERS PICK UP 24TH MOLENDINAR 10AM - 2PM,,0,0,0,40,40,
sand-crabs-raw-4-pack,Sand crabs raw 4 pack,Title,Default Title,,,,,"",,,Tasman Star Labrador,,not stocked,not stocked,not stocked,not stocked,not stocked,
salmon-sides-fresh-tassie-salmon-each,Salmon sides fresh tassie salmon each.,Title,Default Title,,,,,"",,,EVERYDAY PICK UP AT SHOP LOCATION,,0,0,0,40,40,
salmon-sides-fresh-tassie-salmon-each,Salmon sides fresh tassie salmon each.,Title,Default Title,,,,,"",,,CHRISTMAS ORDERS PICK UP 24TH MOLENDINAR 10AM - 2PM,,0,0,0,38,38,
salmon-sides-fresh-tassie-salmon-each,Salmon sides fresh tassie salmon each.,Title,Default Title,,,,,"",,,Tasman Star Labrador,,not stocked,not stocked,not stocked,not stocked,not stocked,
oyster-shucking-knives,Oyster shucking knives.,Title,Default Title,,,,,"",,,EVERYDAY PICK UP AT SHOP LOCATION,,0,0,0,10,10,
oyster-shucking-knives,Oyster shucking knives.,Title,Default Title,,,,,"",,,CHRISTMAS ORDERS PICK UP 24TH MOLENDINAR 10AM - 2PM,,0,0,0,0,0,
oyster-shucking-knives,Oyster shucking knives.,Title,Default Title,,,,,"",,,Tasman Star Labrador,,not stocked,not stocked,not stocked,not stocked,not stocked,
